{
  "Pregnancies": {
    "healthy_mean": 3.298,
    "healthy_std": 3.0171845826218893,
    "diabetic_mean": 4.865671641791045,
    "diabetic_std": 3.7412390440415546,
    "p10": 0.0,
    "p25": 1.0,
    "p50": 2.0,
    "p75": 5.0,
    "p90": 8.0,
    "min": 0.0,
    "max": 13.0
  },
  "Glucose": {
    "healthy_mean": 110.64386317907444,
    "healthy_std": 24.776906349896972,
    "diabetic_mean": 142.31954887218046,
    "diabetic_std": 29.599199271797282,
    "p10": 83.0,
    "p25": 93.0,
    "p50": 107.0,
    "p75": 125.0,
    "p90": 143.40000000000003,
    "min": 44.0,
    "max": 197.0
  },
  "BloodPressure": {
    "healthy_mean": 70.87733887733887,
    "healthy_std": 12.161222782694987,
    "diabetic_mean": 75.32142857142857,
    "diabetic_std": 12.299866271697857,
    "p10": 56.0,
    "p25": 62.0,
    "p50": 70.0,
    "p75": 78.0,
    "p90": 86.0,
    "min": 24.0,
    "max": 122.0
  },
  "SkinThickness": {
    "healthy_mean": 27.235457063711912,
    "healthy_std": 10.026490766074595,
    "diabetic_mean": 33.0,
    "diabetic_std": 10.3275949706161,
    "p10": 15.0,
    "p25": 19.0,
    "p50": 27.0,
    "p75": 33.0,
    "p90": 41.0,
    "min": 7.0,
    "max": 60.0
  },
  "Insulin": {
    "healthy_mean": 130.28787878787878,
    "healthy_std": 102.48223663592438,
    "diabetic_mean": 206.84615384615384,
    "diabetic_std": 132.69989815214083,
    "p10": 48.0,
    "p25": 66.0,
    "p50": 102.5,
    "p75": 161.25,
    "p90": 250.50000000000026,
    "min": 15.0,
    "max": 744.0
  },
  "BMI": {
    "healthy_mean": 30.859674134419553,
    "healthy_std": 6.560736884300686,
    "diabetic_mean": 35.40676691729323,
    "diabetic_std": 6.6149823712450315,
    "p10": 23.0,
    "p25": 25.6,
    "p50": 30.1,
    "p75": 35.3,
    "p90": 39.4,
    "min": 18.2,
    "max": 57.3
  },
  "DiabetesPedigreeFunction": {
    "healthy_mean": 0.42973400000000006,
    "healthy_std": 0.29908530435741093,
    "diabetic_mean": 0.5505,
    "diabetic_std": 0.3723544835546108,
    "p10": 0.1579,
    "p25": 0.22975,
    "p50": 0.336,
    "p75": 0.56175,
    "p90": 0.8013000000000001,
    "min": 0.078,
    "max": 2.329
  },
  "Age": {
    "healthy_mean": 31.19,
    "healthy_std": 11.667654791631152,
    "diabetic_mean": 37.06716417910448,
    "diabetic_std": 10.968253652367915,
    "p10": 21.0,
    "p25": 23.0,
    "p50": 27.0,
    "p75": 37.0,
    "p90": 48.0,
    "min": 21.0,
    "max": 81.0
  }
}